time,pressure,vstress,hstress,vstrain,hstrain
0,324.3,318.8,0,2.223,-0.307
0.1,324.2,318.7,0,2.223,-0.307
0.2,324.3,318.8,-0.1,2.22,-0.307
0.3,324.2,318.8,0,2.223,-0.307
0.4,324.2,318.7,0,2.22,-0.307
0.5,327.9,319.5,2.8,2.223,-0.307
0.6,345.3,323.5,43,2.223,-0.307
0.7,351.5,324.1,55,2.221,-0.279
0.8,360.8,327.4,77,2.219,-0.038
0.9,363.9,327.7,85.4,2.218,-0.038
1,363.7,327.1,86.1,2.215,0.127
1.1,354.2,324.3,78.9,2.215,0.245
1.2,351.1,321.6,73.5,2.214,0.275
1.3,338,307.3,44.7,2.216,0.275
1.4,327,303.8,20.3,2.215,0.272
1.5,315.5,300.2,-7.6,2.215,0.219
1.6,301.6,300.6,-39.6,2.217,0.124
1.7,293.2,299.7,-61.9,2.218,-0.133
1.8,285.5,300.1,-80.9,2.221,-0.133
1.9,282.5,300.1,-90.4,2.224,-0.353
2,282.9,300.5,-91,2.224,-0.493
2.1,292.1,302.5,-82.8,2.23,-0.555
2.2,295,304.8,-76.5,2.232,-0.555
2.3,307.2,313.3,-46.5,2.232,-0.562
2.4,319.6,315,-17.8,2.231,-0.549
2.5,331.6,319.8,11.4,2.231,-0.466
2.6,343.3,321.5,37.4,2.225,-0.329
2.7,352.5,323.4,58.5,2.218,-0.329
2.8,360.6,326.7,77.1,2.217,-0.103
2.9,363.7,327.2,86.1,2.216,0.099
3,363.7,326.9,87.9,2.216,0.22
3.1,354.7,322.8,79.5,2.214,0.22
3.2,350.7,318.6,71.2,2.214,0.261
3.3,337.8,306.7,42.8,2.214,0.263
3.4,326.7,303,18.2,2.214,0.238
3.5,314.9,300.2,-8.3,2.214,0.147
3.6,301.4,300.2,-39.8,2.216,0.147
3.7,292.9,299.5,-62.6,2.218,-0.019
3.8,285.4,299.3,-82.8,2.221,-0.3
3.9,282.5,299.3,-91.4,2.221,-0.462
4,282.8,299.6,-92.2,2.228,-0.462
4.1,292.3,302,-83.7,2.232,-0.545
4.2,295.1,304.3,-76.1,2.232,-0.565
4.3,307.6,313.9,-46.2,2.232,-0.559
4.4,318.6,315,-17.4,2.232,-0.559
4.5,333.6,319.7,13.8,2.231,-0.514
4.6,350,323.1,50.9,2.223,-0.395
4.7,361.6,327.6,80.1,2.218,-0.163
4.8,370.7,328.6,100.1,2.215,0.143
4.9,376,329.6,116.9,2.215,0.143
5,376.1,329.2,118.2,2.213,0.451
5.1,374.9,328.3,116.3,2.213,0.675
5.2,364.7,320.6,102.2,2.212,0.693
5.3,348.8,306.2,66.7,2.212,0.693
5.4,333.4,300.6,31.1,2.211,0.689
5.5,316.7,299.7,-7.7,2.213,0.61
5.6,302.1,299.5,-45.2,2.216,0.457
5.7,287.7,299.8,-73.7,2.221,0.111
5.8,279.4,298.9,-98.9,2.221,0.111
5.9,274.9,299,-111.6,2.226,-0.347
6,275.1,299.9,-112.8,2.234,-0.596
6.1,276.5,300.8,-110.5,2.235,-0.652
6.2,288,305.1,-96.2,2.236,-0.652
6.3,301.2,312.9,-62.2,2.236,-0.662
6.4,317.1,315.3,-21.3,2.235,-0.646
6.5,332.5,319.6,15.8,2.23,-0.541
6.6,347.9,322,45.3,2.221,-0.32
6.7,361.4,328,78.8,2.218,-0.32
6.8,369.8,329.5,101.2,2.218,-0.021
6.9,374.6,329.9,114.4,2.216,0.338
7,375,329.1,116.6,2.211,0.634
7.1,373.7,327.9,114.4,2.211,0.634
7.2,362.6,320.5,98.8,2.211,0.684
7.3,349,304.8,64.4,2.212,0.69
7.4,331.7,300.6,29.3,2.211,0.649
7.5,315,299.7,-10.7,2.212,0.649
7.6,300.9,299.1,-50.9,2.218,0.533
7.7,287.8,299.8,-83.6,2.218,0.261
7.8,278.4,298.8,-101.3,2.223,-0.114
7.9,273.9,298.6,-114.8,2.227,-0.576
8,273.9,299.3,-115.5,2.233,-0.576
8.1,275.1,300.2,-113.4,2.235,-0.653
8.2,285.5,305.2,-95.3,2.235,-0.679
8.3,300.6,313.1,-60,2.235,-0.682
8.4,315.8,314.5,-20.8,2.236,-0.682
8.5,331.9,319.6,17.4,2.23,-0.624
8.6,348.1,322,48.3,2.221,-0.464
8.7,360.7,327,80.3,2.221,-0.181
8.8,369.6,329.2,102.1,2.218,0.131
8.9,373.9,329.4,113.2,2.215,0.131
9,374.1,328.6,114.5,2.213,0.541
9.1,372.8,327.5,112.5,2.213,0.667
9.2,361,318.9,92.3,2.212,0.684
9.3,348.6,305.6,61.4,2.211,0.684
9.4,333,300.2,24.4,2.214,0.674
9.5,314.6,299.8,-14.3,2.214,0.594
9.6,300.1,299.2,-51,2.214,0.422
9.7,287.8,299.9,-80.9,2.222,0.058
9.8,279.1,298.3,-102.1,2.221,0.058
9.9,274,298.1,-114.4,2.232,-0.391
10,274.2,299,-115,2.234,-0.627
10.1,275.4,299.8,-112.9,2.234,-0.677
10.2,286.1,304.4,-95.4,2.236,-0.677
10.3,300.8,313.4,-61.5,2.238,-0.686
10.4,316.3,314.6,-22,2.235,-0.667
10.5,332.2,319.2,16.2,2.235,-0.56
10.6,346.6,321.9,47.3,2.223,-0.334
10.7,361.1,327.5,80,2.221,-0.334
10.8,369.6,328.8,101.3,2.217,-0.011
10.9,374.2,329.3,114,2.213,0.345
11,374.5,328.6,115.4,2.213,0.641
11.1,373.2,327.3,113.3,2.212,0.641
11.2,360.8,317.7,93.7,2.21,0.686
11.3,348.5,304.8,62.9,2.211,0.691
11.4,332.3,300.1,24.9,2.211,0.647
11.5,316.4,299.5,-12.8,2.211,0.647
11.6,299.8,298.9,-49.4,2.213,0.526
11.7,287.4,299.3,-78.1,2.219,0.251
11.8,279.1,297.4,-101.2,2.225,-0.134
11.9,274.1,296.9,-114.2,2.233,-0.586
12,274.2,298.1,-115.1,2.233,-0.586
12.1,275.4,299.2,-112.9,2.235,-0.666
12.2,286.5,304.4,-96,2.237,-0.69
12.3,299.3,312.8,-62.4,2.236,-0.69
12.4,316.8,314.8,-23,2.236,-0.69
12.5,332.4,319.2,14.8,2.234,-0.628
12.6,347.2,321.3,46.8,2.224,-0.462
12.7,359.6,327.7,78.4,2.218,-0.174
12.8,370,329,101.3,2.216,0.148
12.9,373.8,328.7,113,2.216,0.148
13,374.2,327.9,115.2,2.214,0.553
13.1,373,326.9,113,2.211,0.675
13.2,360.4,319,94.9,2.212,0.69
13.3,347.6,304.3,62.7,2.211,0.69
13.4,332.2,299.9,27.2,2.211,0.679
13.5,315.6,299.8,-12.3,2.212,0.594
13.6,301.4,298.7,-47.9,2.217,0.417
13.7,287.5,300.3,-73.2,2.221,0.047
13.8,278.6,297.7,-101.8,2.224,0.047
13.9,274.4,297.8,-113.2,2.224,-0.391
14,274.2,298.4,-114.9,2.233,-0.64
14.1,275.6,299.3,-112.5,2.238,-0.685
14.2,286.7,304.4,-97.1,2.238,-0.685
14.3,300,313,-62.8,2.238,-0.694
14.4,315.2,314,-24.1,2.236,-0.672
14.5,333,319.2,13.6,2.236,-0.558
14.6,347.7,321.3,46.2,2.224,-0.558
14.7,359.9,326.9,77.7,2.218,-0.328
14.8,369.3,328.9,100.5,2.218,0.005
14.9,373.9,328.7,113.3,2.216,0.354
15,374,327.9,114.7,2.213,0.652
15.1,372.8,326.9,112.6,2.213,0.652
15.2,361.9,318.8,96.1,2.212,0.688
15.3,347.3,305.2,63.9,2.212,0.692
15.4,331.7,299.5,28.4,2.212,0.647
15.5,315.2,299.3,-15.7,2.213,0.647
15.6,301,298.8,-51.2,2.218,0.525
15.7,288.5,299.1,-80,2.221,0.237
15.8,278.7,297.7,-102.2,2.221,-0.142
15.9,274.3,297.3,-113.6,2.23,-0.598
16,274,298,-114.9,2.236,-0.598
16.1,275.3,298.8,-112.8,2.238,-0.672
16.2,286.9,303.3,-94.3,2.238,-0.695
16.3,300.1,313.1,-59.7,2.237,-0.695
16.4,315.7,314.2,-19.8,2.237,-0.695
16.5,331.3,319.1,17.2,2.232,-0.63
16.6,347.9,321.4,45,2.222,-0.459
16.7,360.3,327.2,80.7,2.222,-0.163
16.8,369.3,328.7,102.2,2.218,0.162
16.9,373.7,328.8,113.4,2.216,0.162
17,374.2,328,114.9,2.215,0.567
17.1,372.9,326.9,112.9,2.214,0.68
17.2,361.5,317.6,92.5,2.214,0.695
17.3,348.6,304.1,60.8,2.212,0.695
17.4,331.2,299.8,24.7,2.211,0.682
17.5,314.9,299.3,-14.4,2.215,0.595
17.6,300.7,298.7,-50,2.22,0.413
17.7,288.2,300.5,-77.2,2.22,0.413
17.8,278.4,297.4,-102,2.223,0.038
17.9,274,296.7,-114.1,2.234,-0.412
18,274.1,297.8,-115,2.236,-0.648
18.1,275.3,298.6,-112.8,2.236,-0.695
18.2,287.5,304,-94.6,2.238,-0.695
18.3,300.6,312.6,-60.7,2.239,-0.702
18.4,316.2,314.4,-21.1,2.239,-0.678
18.5,331.7,318.8,16,2.232,-0.561
18.6,346.4,321.2,47.4,2.232,-0.561
18.7,360.7,327.4,80.4,2.221,-0.321
18.8,369.6,328.5,101.9,2.216,0.012
18.9,374.1,328.7,114.1,2.213,0.379
19,374.2,327.9,114.9,2.213,0.659
19.1,372.8,326.9,112.9,2.213,0.659
19.2,360.9,318.8,93.4,2.213,0.694
19.3,348.6,304,62.8,2.213,0.697
19.4,332.7,299.4,25.3,2.212,0.649
19.5,314.6,299.4,-13,2.216,0.649
19.6,300.3,298.5,-48.6,2.216,0.523
19.7,287.6,299.3,-76.4,2.22,0.231
19.8,279.2,297.6,-100.9,2.225,-0.162
19.9,273.8,296.9,-114,2.231,-0.607
20,274.2,297.7,-114.8,2.231,-0.607
20.1,275.3,298.6,-112.6,2.239,-0.684
20.2,286.1,304.2,-95.8,2.238,-0.705
20.3,301,312.9,-62,2.24,-0.704
20.4,316.5,314,-22.5,2.239,-0.704
20.5,332.1,319.1,14.7,2.239,-0.635
20.6,347,321.2,47,2.228,-0.458
20.7,359.9,326.9,80,2.221,-0.153
20.8,369.6,328.6,100.9,2.219,-0.153
20.9,374.3,328.7,114.2,2.216,0.178
21,374.3,327.8,115.5,2.216,0.583
21.1,373.1,326.6,113.3,2.212,0.689
21.2,360.7,317.8,94.9,2.214,0.701
21.3,348.1,304.9,63.4,2.213,0.701
21.4,335.8,300.6,33.9,2.214,0.686
21.5,314.7,299.4,-13.8,2.214,0.599
21.6,299.9,299.2,-49.7,2.216,0.434
21.7,288.2,302.3,-75,2.222,0.434
21.8,277.4,297.3,-105.1,2.227,-0.01
21.9,275.1,297.1,-111.7,2.227,-0.384
22,273.9,297.3,-115.5,2.238,-0.67
22.1,275.3,298.2,-113.1,2.24,-0.702
22.2,286.3,302.9,-96.8,2.24,-0.702
22.3,299.4,313.1,-63.2,2.239,-0.712
22.4,317,314,-23.6,2.239,-0.687
22.5,332.6,318.9,13.8,2.236,-0.564
22.6,347.3,321.5,46,2.227,-0.564
22.7,359.9,326.9,78.7,2.221,-0.317
22.8,369.9,328.5,100.7,2.216,0.026
22.9,373.9,328.5,113.3,2.216,0.393
23,374.1,327.9,115,2.215,0.664
23.1,372.8,326.8,113,2.215,0.664
23.2,361.9,317.1,91.1,2.214,0.698
23.3,347.7,304.6,60.3,2.214,0.7
23.4,331.8,299.9,23,2.213,0.65
23.5,315.7,299.3,-15.1,2.213,0.65
23.6,301.4,298.4,-50.6,2.218,0.522
23.7,287.5,300.6,-76.6,2.222,0.22
23.8,278.7,297,-102.1,2.222,-0.169
23.9,274.3,296.5,-113.3,2.229,-0.169
24,274,297.1,-114.7,2.239,-0.62
24.1,275.7,298.3,-112.5,2.24,-0.691
24.2,286.9,303.4,-93.3,2.241,-0.712
24.3,299.9,312.3,-59,2.241,-0.709
24.4,315.3,314.2,-19.7,2.241,-0.709
24.5,332.8,318.8,16.6,2.238,-0.637
24.6,347.7,321.3,48.6,2.225,-0.457
24.7,360,327.4,81,2.218,-0.149
24.8,369.2,328.5,102.2,2.218,-0.149
24.9,374.1,328.7,114,2.218,0.187
25,374.1,327.7,114.8,2.214,0.595
25.1,372.9,326.6,112.8,2.213,0.693
25.2,361.4,318.3,91.6,2.213,0.703
25.3,347.3,304.1,61.2,2.213,0.703
25.4,331.2,299.4,24.3,2.214,0.687
25.5,314.9,299.1,-15,2.214,0.6
25.6,301,298.3,-49.3,2.22,0.394
25.7,288.2,300,-75.4,2.22,0.394
25.8,278.3,296.7,-102.3,2.224,0.015
25.9,274.1,296.1,-113.8,2.234,-0.441
26,274.2,296.7,-114.5,2.242,-0.667
26.1,275.4,297.6,-112,2.242,-0.708
26.2,287,303,-95,2.242,-0.708
26.3,300.3,312.4,-60.3,2.242,-0.714
26.4,315.5,313.5,-21.5,2.241,-0.689
26.5,331.3,318.7,15.8,2.235,-0.564
26.6,347.9,320.9,47.2,2.223,-0.564
26.7,360.5,327,80.5,2.223,-0.311
26.8,369.5,328.2,101.9,2.219,0.032
26.9,374,328.5,114.1,2.217,0.412
27,374.4,327.9,115.5,2.214,0.412
27.1,373.1,326.8,113.6,2.214,0.674
27.2,361.2,317.3,93.5,2.213,0.707
27.3,348.8,304.6,62.6,2.212,0.709
27.4,330.3,298.7,24.8,2.212,0.656
27.5,314.8,299,-13,2.215,0.656
27.6,300.3,298.5,-49,2.215,0.519
27.7,287.7,298.3,-75.4,2.221,0.208
27.8,278.7,297,-102.1,2.226,-0.202
27.9,273.8,296.2,-114.2,2.235,-0.202
28,273.7,297,-115.5,2.24,-0.631
28.1,275,298,-113.2,2.24,-0.702
28.2,285.5,302.6,-96.5,2.244,-0.72
28.3,300.4,313,-62.3,2.243,-0.718
28.4,316.1,313.6,-22.6,2.241,-0.718
28.5,331.7,318.2,14.9,2.233,-0.643
28.6,346.3,320.7,46.1,2.233,-0.456
28.7,360.6,326.8,79.2,2.223,-0.139
28.8,369.5,328,101,2.221,-0.139
28.9,374,328.4,113.5,2.216,0.196
29,374.2,327.6,115.1,2.216,0.609
29.1,372.8,326.6,113,2.215,0.699
29.2,360.7,316.6,94.6,2.213,0.71
29.3,347.8,303.1,62,2.213,0.71
29.4,332.7,299.2,27.1,2.214,0.692
29.5,314.2,299,-12.2,2.214,0.598
29.6,300.1,298.2,-47.5,2.217,0.393
29.7,287.8,301.2,-73.8,2.222,0.393
29.8,278.7,296.5,-101.4,2.227,0
29.9,274.1,295.9,-112.9,2.239,-0.452
30,273.9,296.5,-115.1,2.239,-0.676
30.1,275.2,297.8,-112.7,2.239,-0.676
30.2,285.9,302.5,-97,2.242,-0.718
30.3,298.9,311.6,-63,2.246,-0.725
30.4,316.5,313.6,-23.9,2.242,-0.695
30.5,332,318.3,13.4,2.242,-0.565
30.6,346.9,320.7,45.6,2.229,-0.565
30.7,359.3,327,77.9,2.223,-0.307
30.8,369.8,328.1,100.7,2.218,0.041
30.9,373.8,328.3,113,2.218,0.417
31,374,327.9,114.9,2.216,0.417
31.1,372.8,326.5,112.7,2.215,0.677
31.2,360.5,318.2,91.3,2.213,0.707
31.3,347.7,303.3,59.8,2.212,0.709
31.4,332.1,299,23.3,2.212,0.653
31.5,315.9,299.1,-15.4,2.215,0.653
31.6,299.5,298,-47,2.217,0.517
31.7,287.6,301.7,-74.9,2.224,0.195
31.8,278.4,296.4,-102.9,2.232,-0.186
31.9,274.3,295.9,-113.2,2.232,-0.186
32,274.2,296.3,-114.2,2.242,-0.643
32.1,275.4,297.4,-112,2.244,-0.708
32.2,286.5,303,-93.3,2.244,-0.725
32.3,299.4,312,-59.4,2.245,-0.721
32.4,317,313.5,-20,2.245,-0.721
32.5,332.3,318.3,16.5,2.241,-0.643
32.6,346.9,320.8,47.9,2.228,-0.454
32.7,359.6,326.6,80.7,2.221,-0.136
32.8,369.1,328.2,102.4,2.221,-0.136
32.9,373.9,328.5,113.7,2.217,0.205
33,373.9,327.7,114.4,2.216,0.618
33.1,372.7,326.6,112.6,2.214,0.702
33.2,362,317.8,92.6,2.213,0.702
33.3,347.2,303.9,60.7,2.213,0.711
33.4,331.5,298.4,24.3,2.213,0.693
33.5,315.2,298.7,-14.4,2.214,0.596
33.6,300.9,298.2,-50.1,2.221,0.383
33.7,287.1,299.9,-74.8,2.225,0.383
33.8,278.1,296.3,-102.8,2.225,-0.015
33.9,273.7,295.7,-114.3,2.235,-0.468
34,273.7,296.7,-115.3,2.24,-0.686
34.1,275.2,297.6,-112.9,2.245,-0.686
34.2,286.5,302.2,-94.9,2.245,-0.726
34.3,299.6,312.6,-60.9,2.245,-0.732
34.4,314.8,313.3,-22.1,2.245,-0.7
34.5,332.8,318.2,15.5,2.238,-0.568
34.6,347.5,320.5,47.3,2.226,-0.568
34.7,360.5,326.9,81.6,2.226,-0.302
34.8,369.5,327.9,102.4,2.221,0.052
34.9,374.1,328.2,113.9,2.217,0.447
35,374.3,327.5,115.4,2.215,0.447
35.1,373,326.5,113.4,2.214,0.685
35.2,361.6,316.8,94,2.214,0.713
35.3,348.8,303.8,62.3,2.214,0.714
35.4,330.8,299,25.2,2.214,0.656
35.5,315,298.8,-12.7,2.217,0.656
35.6,300.4,298,-49,2.219,0.514
35.7,288,301.5,-74.7,2.219,0.187
35.8,278,296.2,-102,2.227,-0.216
35.9,273.7,295.8,-113.9,2.238,-0.216
36,273.8,296.5,-115.1,2.244,-0.651
36.1,275,297.3,-112.6,2.244,-0.718
36.2,286.8,302.5,-96.3,2.245,-0.734
36.3,300.1,311.4,-62.2,2.244,-0.729
36.4,315.7,313.7,-22.3,2.245,-0.729
36.5,331.5,318.4,15.1,2.235,-0.647
36.6,347.9,320.5,46.3,2.235,-0.45
36.7,360.2,327.1,79,2.225,-0.121
36.8,369.5,328.1,101.5,2.22,-0.121
36.9,373.6,328.4,113.1,2.217,0.219
37,374,327.5,114.9,2.215,0.63
37.1,372.8,326.4,113,2.215,0.706
37.2,361.1,318.2,95.1,2.214,0.706
37.3,348.1,303,62.3,2.214,0.715
37.4,333.2,298.7,27.6,2.215,0.695
37.5,314.2,298.4,-12.8,2.216,0.598
37.6,300.5,297.4,-46.8,2.216,0.373
37.7,287.5,299.5,-74.5,2.221,0.373
37.8,278.9,296.1,-100.6,2.231,-0.022
37.9,273.7,295.2,-113.7,2.239,-0.494
38,273.9,296.1,-114.8,2.239,-0.694
38.1,275,297.1,-112.6,2.245,-0.694
38.2,285.8,302.6,-96.4,2.245,-0.734
38.3,300.5,311.8,-63.1,2.247,-0.739
38.4,316.2,313.1,-23.5,2.245,-0.704
38.5,331.8,318.4,14,2.245,-0.566
38.6,346.7,320.4,46,2.234,-0.566
38.7,360.6,326.3,78.8,2.223,-0.292
38.8,369.6,328.1,100.6,2.22,0.065
38.9,374.1,328.3,114.2,2.216,0.445
39,374.1,327.6,115.2,2.216,0.445
39.1,372.8,326.2,113.1,2.216,0.692
39.2,360.7,317.2,91.2,2.213,0.717
39.3,347.8,304,59.5,2.213,0.717
39.4,332.7,299,23.7,2.215,0.656
39.5,315.8,298.8,-15.7,2.215,0.656
39.6,299.6,297.7,-51.4,2.219,0.515
39.7,287.5,300.9,-75.6,2.222,0.171
39.8,278.3,296,-102.8,2.231,-0.227
39.9,274.1,295.5,-113.3,2.231,-0.227
40,273.8,296.1,-114.7,2.24,-0.662
40.1,275,296.8,-112.5,2.245,-0.724
40.2,285.9,301.7,-94.1,2.248,-0.74
40.3,298.9,312.1,-59.3,2.249,-0.74
40.4,316.4,313.3,-20,2.249,-0.734
40.5,332.3,317.8,17.3,2.241,-0.65
40.6,346.6,320.7,47.8,2.23,-0.448
40.7,359.6,326.6,81.6,2.222,-0.115
40.8,369.6,327.2,102,2.219,-0.115
40.9,373.9,327.9,114.1,2.219,0.233
41,374.2,327.1,115.2,2.216,0.638
41.1,373,325.9,113.2,2.214,0.712
41.2,360.4,316.1,92.7,2.215,0.712
41.3,347.3,303.3,60.2,2.214,0.72
41.4,331.8,298.9,24.4,2.214,0.698
41.5,315.3,298.4,-14.7,2.217,0.596
41.6,299,297.4,-50.6,2.219,0.368
41.7,287,300.8,-75.7,2.225,0.368
41.8,278.2,295.4,-102.3,2.225,-0.045
41.9,273.5,294.6,-114.4,2.235,-0.501
42,273.8,295.5,-114.6,2.244,-0.705
42.1,275.1,296.3,-112.3,2.247,-0.705
42.2,286.4,301.6,-94.5,2.247,-0.741
42.3,299,310.3,-61.2,2.247,-0.745
42.4,314.8,313.4,-21,2.248,-0.709
42.5,332.3,318.2,15.3,2.243,-0.568
42.6,346.9,320.5,46.8,2.224,-0.568
42.7,359.7,327,80.1,2.221,-0.291
42.8,369.1,327.9,101.7,2.221,0.065
42.9,373.9,328.5,113.7,2.218,0.455
43,373.9,327.6,114.7,2.217,0.455
43.1,372.6,326.3,112.8,2.215,0.693
43.2,361.3,317.3,92.5,2.215,0.718
43.3,347,303.1,61.6,2.215,0.717
43.4,331.3,298.7,25.5,2.215,0.717
43.5,314.8,298.4,-13.7,2.218,0.653
43.6,300.4,297,-49.6,2.219,0.507
43.7,286.8,300.6,-77.7,2.219,0.153
43.8,277.7,295.4,-102.6,2.228,-0.241
43.9,273.5,294.8,-114.2,2.237,-0.241
44,273.6,295.4,-114.7,2.245,-0.674
44.1,274.8,296,-112.5,2.248,-0.734
44.2,286.7,301.8,-95.8,2.248,-0.748
44.3,299.5,310.9,-62.1,2.248,-0.748
44.4,314.9,313.2,-23.4,2.247,-0.74
44.5,331.2,318.2,15.2,2.241,-0.655
44.6,347.6,320,46.2,2.225,-0.448
44.7,360.4,326.3,80.3,2.225,-0.109
44.8,369.2,328,101.2,2.222,-0.109
44.9,373.8,328.2,113.6,2.218,0.246
45,374.1,327.3,115.3,2.216,0.644
45.1,372.8,326.2,113.3,2.214,0.714
45.2,361.2,316.9,94.2,2.214,0.714
45.3,348.4,303.5,62.7,2.215,0.722
45.4,330.4,297.8,26,2.218,0.697
45.5,314.6,298.3,-12.1,2.219,0.594
45.6,299.6,297.5,-49.1,2.219,0.357
45.7,287.2,300.5,-77.8,2.22,0.357
45.8,277.4,295.2,-102.6,2.231,-0.062
45.9,273.4,294.7,-114.2,2.243,-0.517
46,273.4,295.3,-115.6,2.248,-0.715
46.1,274.6,296.2,-113.4,2.248,-0.715
46.2,284.9,300.9,-97.8,2.249,-0.748
46.3,300.1,311.7,-63.3,2.251,-0.753
46.4,315.5,313.1,-24.2,2.249,-0.715
46.5,331.4,317.5,13.8,2.239,-0.715
46.6,346,319.9,45.2,2.239,-0.569
46.7,360.4,325.9,78.9,2.226,-0.284
46.8,369,327.1,99.2,2.222,0.075
46.9,373.8,327.9,113.3,2.218,0.456
47,373.9,327.1,114.7,2.218,0.456
47.1,372.5,326.1,112.7,2.215,0.694
47.2,360.4,315.9,94.7,2.215,0.719
47.3,351.4,306.8,70.3,2.215,0.718
47.4,330.6,298.1,17.7,2.216,0.718
47.5,314.5,298.3,-12.7,2.216,0.663
47.6,300,297.3,-49.9,2.218,0.485
47.7,286.3,299.8,-79.6,2.226,0.161
47.8,279.2,295.6,-100.7,2.232,-0.304
47.9,273.3,294.4,-115,2.246,-0.304
48,273.5,295.5,-115.3,2.246,-0.673
48.1,274.7,296.2,-112.9,2.252,-0.741
48.2,285.6,301.3,-94,2.251,-0.757
48.3,298.8,310.7,-58.9,2.251,-0.757
48.4,316.2,313.5,-19.7,2.248,-0.748
48.5,332,317.7,17.2,2.248,-0.655
48.6,346.9,319.8,48.9,2.234,-0.446
48.7,359.5,326.4,81.8,2.226,-0.097
48.8,369.6,327.6,102.2,2.221,-0.097
48.9,373.7,327.9,113.6,2.221,0.252
49,374,327.4,114.7,2.218,0.649
49.1,372.7,326.1,112.7,2.217,0.715
49.2,360.4,318,92.5,2.215,0.715
49.3,347.3,302.6,60.3,2.217,0.724
49.4,332,298.3,24.5,2.217,0.698
49.5,315.9,298.3,-13.7,2.216,0.593
49.6,299.2,297.2,-50.3,2.22,0.593
49.7,287.2,299.3,-78.7,2.226,0.354
49.8,280.4,296.1,-97,2.237,-0.062
49.9,282.2,297,-94.4,2.237,-0.506
50,270.3,293.4,-120.9,2.245,-0.679
50.1,271.2,295,-120.8,2.248,-0.679
50.2,276.5,296.1,-116.6,2.249,-0.736
50.3,285.2,302.1,-96.2,2.251,-0.782
50.4,299.5,311.4,-58.7,2.251,-0.78
50.5,315.9,313.4,-22,2.249,-0.78
50.6,332.7,318,17.6,2.245,-0.703
50.7,348.2,320.3,50.4,2.23,-0.529
50.8,359.5,326.1,81.2,2.23,-0.188
50.9,370.1,327.8,102.8,2.222,0.174
51,373.8,328.3,113.8,2.217,0.174
51.1,374.1,327.4,115.3,2.216,0.569
51.2,372.8,326.4,113,2.215,0.711
51.3,361.2,319,95.6,2.215,0.725
51.4,348.1,303.1,63.1,2.216,0.725
51.5,333.4,298.5,28.8,2.216,0.716
51.6,317.1,297.6,-9.3,2.219,0.632
51.7,301.4,296.9,-44,2.221,0.461
51.8,289,296.3,-76.1,2.221,0.081
51.9,280.6,295.5,-95.6,2.229,0.081
52,276.3,294.6,-107.2,2.24,-0.315
52.1,276.6,295.2,-107.5,2.251,-0.687
52.2,277.7,296,-106,2.252,-0.731
52.3,288.4,301.3,-89.5,2.252,-0.731
52.4,301.2,311.2,-56.4,2.251,-0.739
52.5,316.2,313,-18.3,2.252,-0.716
52.6,332.9,318,16.5,2.24,-0.597
52.7,346.4,319.8,45.2,2.24,-0.597
52.8,360,325.8,80.1,2.226,-0.349
52.9,368.8,327.3,100.8,2.222,-0.015
53,373.9,328,113.6,2.219,0.361
53.1,374,327.3,115.3,2.218,0.68
53.2,372.8,326,113.1,2.218,0.68
53.3,361.8,316.9,94.9,2.217,0.721
53.4,346.4,303,61,2.216,0.725
53.5,331.2,298.1,26.4,2.217,0.677
53.6,314.6,298.2,-13.1,2.22,0.677
53.7,300.2,296.8,-49,2.22,0.55
53.8,286.1,299.5,-80.6,2.226,0.241
53.9,277.2,294.9,-103.5,2.236,-0.166
54,273.1,294.4,-114.9,2.249,-0.636
54.1,272.9,295.1,-116.6,2.251,-0.636
54.2,274.4,296.2,-114.4,2.251,-0.746
54.3,285.9,300.6,-98.1,2.252,-0.77
54.4,299.4,311.5,-63.2,2.253,-0.769
54.5,314.7,312.7,-24.5,2.253,-0.769
54.6,330.7,317.6,13.8,2.253,-0.701
54.7,347.8,320.8,46.3,2.24,-0.522
54.8,360.1,326.3,79.2,2.227,-0.196
54.9,368.7,327.7,99.2,2.222,0.173
55,373.9,328,113.8,2.218,0.173
55.1,374,327.4,115.3,2.218,0.555
55.2,372.8,326.4,113.3,2.216,0.71
55.3,361.3,316.3,95.6,2.218,0.724
55.4,348.6,303.9,64,2.217,0.724
55.5,330.2,298.5,26.5,2.219,0.712
55.6,314.8,298.1,-10.5,2.219,0.624
55.7,299.9,297,-47.3,2.219,0.429
55.8,287.2,296.8,-80.6,2.228,0.429
55.9,278,295,-100.8,2.239,0.03
56,273.6,294.5,-114.1,2.249,-0.403
56.1,273.7,295.2,-114.4,2.249,-0.716
56.2,274.9,296.2,-112.4,2.252,-0.761
56.3,285.4,301.3,-93.1,2.253,-0.761
56.4,300,310.4,-59,2.254,-0.768
56.5,315.7,313.4,-19.1,2.254,-0.745
56.6,331.2,317.7,16.9,2.254,-0.623
56.7,345.9,319.7,48.2,2.236,-0.623
56.8,360.5,326.1,81.9,2.226,-0.369
56.9,368.9,327.7,101.3,2.223,-0.009
57,373.5,328.1,113.4,2.223,0.36
57.1,373.8,327.3,114.4,2.22,0.672
57.2,372.4,326.3,112.5,2.218,0.672
57.3,360.8,318.4,92,2.217,0.714
57.4,347.4,302.5,59,2.217,0.718
57.5,332.2,298.2,23.3,2.217,0.668
57.6,313.7,298.3,-15.6,2.221,0.668
57.7,299.6,296.9,-50.4,2.221,0.538
57.8,286.4,297,-83.1,2.231,0.224
57.9,278.2,295.3,-102.7,2.244,-0.18
58,273.4,294.6,-114.1,2.244,-0.636
58.1,273.2,295.3,-115.7,2.253,-0.636
58.2,274.5,296.1,-113.7,2.252,-0.748
58.3,285.2,301.7,-95.4,2.253,-0.772
58.4,298.5,310.7,-60,2.253,-0.77
58.5,316.1,313.1,-20.8,2.253,-0.77
58.6,331.7,317.8,16,2.25,-0.7
58.7,347,320.2,48.8,2.235,-0.515
58.8,359.2,325.8,80.4,2.223,-0.187
58.9,369.7,327.5,101.9,2.223,-0.187
59,373.9,327.7,114,2.223,0.183
59.1,374,327.2,114.8,2.218,0.57
59.2,372.7,326,112.9,2.218,0.713
59.3,360.3,317.1,92.9,2.219,0.724
59.4,347.8,303.8,61.8,2.219,0.724
59.5,331.9,298,25.2,2.217,0.71
59.6,315.5,298,-14.1,2.221,0.622
59.7,299.4,297.2,-48.8,2.223,0.422
59.8,286.7,297.6,-81.4,2.223,0.422
59.9,278.2,295.3,-101.6,2.234,0.022
60,273.6,294.6,-113.8,2.246,-0.415
60.1,274,295.5,-114,2.253,-0.72
60.2,275.1,296.2,-112.2,2.254,-0.765
60.3,286.3,300.9,-94.5,2.254,-0.765
60.4,299.3,311.2,-60.4,2.254,-0.77
60.5,314.4,313,-21.9,2.253,-0.745
60.6,332.3,317.5,15.3,2.249,-0.621
60.7,347.2,320.2,47.2,2.231,-0.621
60.8,359.8,326,80.3,2.231,-0.362
60.9,368.7,327.5,100.8,2.225,0.009
61,374.2,328.2,114.5,2.224,0.379
61.1,374.2,327.4,115.3,2.218,0.689
61.2,373,326.3,113.4,2.219,0.689
61.3,361.7,316.4,94.4,2.219,0.727
61.4,347.3,303.5,62.9,2.218,0.729
61.5,331.2,298.4,26,2.219,0.679
61.6,314.9,297.9,-13,2.22,0.679
61.7,300.3,296.8,-48.8,2.22,0.544
61.8,286.1,296.9,-81.3,2.225,0.222
61.9,277.5,294.8,-102.5,2.235,-0.188
62,273.3,294.5,-114.3,2.251,-0.652
62.1,273.3,295.1,-115.3,2.253,-0.652
62.2,274.7,296,-113.4,2.253,-0.755
62.3,286.4,301.1,-96.1,2.256,-0.775
62.4,299.4,310.1,-62.7,2.255,-0.772
62.5,314.9,313.2,-23.3,2.255,-0.772
62.6,332.6,318,13.8,2.245,-0.7
62.7,347.5,320.3,46.2,2.245,-0.513
62.8,360.1,326.1,79.4,2.23,-0.182
62.9,368.8,327.2,99.9,2.223,-0.182
63,373.9,327.8,113.8,2.219,0.193
63.1,374,326.8,115.1,2.217,0.584
63.2,372.8,325.7,113.1,2.217,0.719
